--
-- Script was generated by Devart dbForge Studio 2019 for MySQL, Version 8.2.23.0
-- Product home page: http://www.devart.com/dbforge/mysql/studio
-- Script date 2023. 04. 13. 10:20:18
-- Server version: 5.5.5-10.4.27-MariaDB
-- Client version: 4.1
--

-- 
-- Disable foreign keys
-- 
/*!40014 SET @OLD_FOREIGN_KEY_CHECKS=@@FOREIGN_KEY_CHECKS, FOREIGN_KEY_CHECKS=0 */;

-- 
-- Set SQL mode
-- 
/*!40101 SET @OLD_SQL_MODE=@@SQL_MODE, SQL_MODE='NO_AUTO_VALUE_ON_ZERO' */;

-- 
-- Set character set the client will use to send SQL statements to the server
--
SET NAMES 'utf8';

DROP DATABASE IF EXISTS pizzeria;

CREATE DATABASE IF NOT EXISTS pizzeria
	CHARACTER SET utf8
	COLLATE utf8_hungarian_ci;

--
-- Set default database
--
USE pizzeria;

--
-- Create table `pizza`
--
CREATE TABLE IF NOT EXISTS pizza (
  id INT(11) NOT NULL,
  nev VARCHAR(50) DEFAULT NULL,
  meret INT(11) DEFAULT NULL,
  ar INT(11) DEFAULT NULL,
  PRIMARY KEY (id)
)
ENGINE = INNODB,
AVG_ROW_LENGTH = 140,
CHARACTER SET utf8,
COLLATE utf8_hungarian_ci;

--
-- Create table `cim`
--
CREATE TABLE IF NOT EXISTS cim (
  id INT(11) NOT NULL,
  nev VARCHAR(50) DEFAULT NULL,
  utca VARCHAR(50) DEFAULT NULL,
  hsz VARCHAR(10) DEFAULT NULL,
  PRIMARY KEY (id)
)
ENGINE = INNODB,
AVG_ROW_LENGTH = 126,
CHARACTER SET utf8,
COLLATE utf8_hungarian_ci;

--
-- Create table `rendeles`
--
CREATE TABLE IF NOT EXISTS rendeles (
  id INT(11) NOT NULL,
  pizzaid INT(11) DEFAULT NULL,
  darab INT(11) DEFAULT NULL,
  cimid INT(11) DEFAULT NULL,
  szallitas DATETIME DEFAULT NULL,
  PRIMARY KEY (id)
)
ENGINE = INNODB,
AVG_ROW_LENGTH = 118,
CHARACTER SET utf8,
COLLATE utf8_hungarian_ci;

--
-- Create foreign key
--
ALTER TABLE rendeles 
  ADD CONSTRAINT FK_rendeles_cim_id FOREIGN KEY (cimid)
    REFERENCES cim(id);

--
-- Create foreign key
--
ALTER TABLE rendeles 
  ADD CONSTRAINT FK_rendeles_pizza_id FOREIGN KEY (pizzaid)
    REFERENCES pizza(id);

--
-- Create table `users`
--
CREATE TABLE IF NOT EXISTS users (
  id INT(11) NOT NULL AUTO_INCREMENT,
  firstName VARCHAR(50) DEFAULT NULL,
  lastName VARCHAR(50) DEFAULT NULL,
  gender VARCHAR(10) DEFAULT NULL,
  userName VARCHAR(50) DEFAULT NULL,
  email VARCHAR(255) DEFAULT NULL,
  password VARCHAR(100) DEFAULT NULL,
  number INT(11) DEFAULT NULL,
  PRIMARY KEY (id)
)
ENGINE = INNODB,
AUTO_INCREMENT = 24,
AVG_ROW_LENGTH = 5461,
CHARACTER SET utf8,
COLLATE utf8_hungarian_ci;

-- 
-- Dumping data for table pizza
--
INSERT INTO pizza VALUES
(1, '4 sajtos', 22, 1150),
(2, '4 sajtos', 30, 1450),
(3, '4 sajtos', 45, 2850),
(4, 'Baconös', 22, 1250),
(5, 'Baconös', 30, 1550),
(6, 'Baconös', 45, 2950),
(7, 'Big Boss', 22, 1150),
(8, 'Big Boss', 30, 1450),
(9, 'Big Boss', 45, 2850),
(10, 'Bitang', 22, 1250),
(11, 'Bitang', 30, 1550),
(12, 'Bitang', 45, 2950),
(13, 'Bolognai', 22, 1150),
(14, 'Bolognai', 30, 1450),
(15, 'Bolognai', 45, 2850),
(16, 'Chee-pollo', 22, 1250),
(17, 'Chee-pollo', 30, 1550),
(18, 'Chee-pollo', 45, 2950),
(19, 'El Bandi', 22, 1150),
(20, 'El Bandi', 30, 1450),
(21, 'El Bandi', 45, 2850),
(22, 'Elvis', 22, 1400),
(23, 'Elvis', 30, 1750),
(24, 'Elvis', 45, 3150),
(25, 'Fitness', 22, 1250),
(26, 'Fitness', 30, 1550),
(27, 'Fitness', 45, 2950),
(28, 'Fogadósné', 22, 1400),
(29, 'Fogadósné', 30, 1750),
(30, 'Fogadósné', 45, 3150),
(31, 'Füstös', 22, 1150),
(32, 'Füstös', 30, 1450),
(33, 'Füstös', 45, 2850),
(34, 'Gringo’s', 22, 1150),
(35, 'Gringo’s', 30, 1450),
(36, 'Gringo’s', 45, 2850),
(37, 'Gyros', 22, 1400),
(38, 'Gyros', 30, 1750),
(39, 'Gyros', 45, 3150),
(40, 'Hawaii', 22, 1150),
(41, 'Hawaii', 30, 1450),
(42, 'Hawaii', 45, 2850),
(43, 'Iron', 22, 1250),
(44, 'Iron', 30, 1550),
(45, 'Iron', 45, 2950),
(46, 'Jalapeno', 22, 1250),
(47, 'Jalapeno', 30, 1550),
(48, 'Jalapeno', 45, 2950),
(49, 'Jocee', 22, 1250),
(50, 'Jocee', 30, 1550),
(51, 'Jocee', 45, 2950),
(52, 'Kinder', 22, 1250),
(53, 'Kinder', 30, 1550),
(54, 'Kinder', 45, 2950),
(55, 'Laktózmentes', 22, 1400),
(56, 'Laktózmentes', 30, 1750),
(57, 'Laktózmentes', 45, 3150),
(58, 'Légionárius', 22, 1250),
(59, 'Légionárius', 30, 1550),
(60, 'Légionárius', 45, 2950),
(61, 'Magyaros', 22, 1150),
(62, 'Magyaros', 30, 1450),
(63, 'Magyaros', 45, 2850),
(64, 'Margherita', 22, 1050),
(65, 'Margherita', 30, 1300),
(66, 'Margherita', 45, 2590),
(67, 'Milano', 22, 1150),
(68, 'Milano', 30, 1450),
(69, 'Milano', 45, 2850),
(70, 'Nagy fehér', 22, 1150),
(71, 'Nagy fehér', 30, 1450),
(72, 'Nagy fehér', 45, 2850),
(73, 'Nebulo', 22, 1150),
(74, 'Nebulo', 30, 1450),
(75, 'Nebulo', 45, 2850),
(76, 'Ragadozó', 22, 1400),
(77, 'Ragadozó', 30, 1750),
(78, 'Ragadozó', 45, 2850),
(79, 'Roberto', 22, 1150),
(80, 'Roberto', 30, 1450),
(81, 'Roberto', 45, 2850),
(82, 'Sonkás-csirkés', 22, 1150),
(83, 'Sonkás-csirkés', 30, 1450),
(84, 'Sonkás-csirkés', 45, 2850),
(85, 'Sonkás-gombás', 22, 1050),
(86, 'Sonkás-gombás', 30, 1300),
(87, 'Sonkás-gombás', 45, 2590),
(88, 'Sonkás-sajtos', 22, 1050),
(89, 'Sonkás-sajtos', 30, 1300),
(90, 'Sonkás-sajtos', 45, 2590),
(91, 'Spártai', 22, 1250),
(92, 'Spártai', 30, 1550),
(93, 'Spártai', 45, 2950),
(94, 'Szalámis', 22, 1150),
(95, 'Szalámis', 30, 1450),
(96, 'Szalámis', 45, 2850),
(97, 'Texas', 22, 1400),
(98, 'Texas', 30, 1750),
(99, 'Texas', 45, 3150),
(100, 'Tikka', 22, 1400),
(101, 'Tikka', 30, 1750),
(102, 'Tikka', 45, 3150),
(103, 'Tonhalas', 22, 1400),
(104, 'Tonhalas', 30, 1750),
(105, 'Tonhalas', 45, 3150),
(106, 'Tündérkert', 22, 1400),
(107, 'Tündérkert', 30, 1750),
(108, 'Tündérkert', 45, 3150),
(109, 'Vegetáriánus', 22, 1050),
(110, 'Vegetáriánus', 30, 1300),
(111, 'Vegetáriánus', 45, 2590),
(112, 'Vezúv', 22, 1150),
(113, 'Vezúv', 30, 1450),
(114, 'Vezúv', 45, 2850),
(115, 'Wellness', 22, 1250),
(116, 'Wellness', 30, 1550),
(117, 'Wellness', 45, 2950);

-- 
-- Dumping data for table cim
--
INSERT INTO cim VALUES
(1, 'Skvar Tamás', 'Rezeda utca', '56/b'),
(2, 'Tatár István', 'Beszédes József sétány', '3'),
(3, 'Siket Karen', 'Arany János utca', '50'),
(4, 'Horváth Mercédesz', 'Sztráda utca', '12/2'),
(5, 'Dombovári Petra', 'Madách Imre utca', '14'),
(6, 'Rém Elek', 'Kézműves utca', '47'),
(7, 'Kamarás Zsófia Viktória', 'Bakony utca', '43'),
(8, 'Sebő Tas', 'Hermann Ottó utca', '28'),
(9, 'Szendrődi Csaba', 'Vilma utca', '70'),
(10, 'Berger Péter', 'Fenyves tér', '14'),
(11, 'Csonka Anna', 'Vak Bottyán utca', '66/a'),
(12, 'Szelei Anikó Dorina', 'Máté utca', '85'),
(13, 'Kovács Ágnes', 'Diófás út', '41'),
(14, 'Szőke Mátyás', 'Béri Balogh Ádám utca', '78/c'),
(15, 'Kiss Zsófia', 'Somfa utca', '72'),
(16, 'Bakos Kata Judit', 'Kinga utca', '28'),
(17, 'Bodnár Anna Katalin', 'Jegenye sor', '16'),
(18, 'Keszthelyi Zsolt', 'Templom utca', '60'),
(19, 'Kiss Lajos', 'Huba utca', '42'),
(20, 'Szabó Orsolya Virág', 'Majoros utca', '63'),
(21, 'Vég Kálmán', 'Aradi utca', '6'),
(22, 'Hirzer Zsolt', 'Örsi utca', '38'),
(23, 'Kincses Zoltán', 'Birs utca', '59'),
(24, 'Zentay Réka', 'Széchenyi utca', '68'),
(25, 'Kovai Róbert', 'Herman Ottó utca', '55'),
(26, 'Koch Róbert', 'Pusztatorony tér', '25'),
(27, 'Szilágyi István', 'Kiss János altábornagy utca', '10'),
(28, 'Horváth Pál', 'Juhász Gyula utca', '4'),
(29, 'Duma Árpád', 'Vak Bottyán utca', '66/a'),
(30, 'Nemes Gerda', 'Szegfű utca', '72'),
(31, 'Zsolnai Péter', 'Béke utca', '70'),
(32, 'Illés Nóra', 'Rizling utca', '15'),
(33, 'Fődi Anna', 'Partfölei utca', '84'),
(34, 'Szűcs Lóránt', 'Akácfa utca', '77'),
(35, 'Borsos Anett', 'Tavasz utca', '27'),
(36, 'Sarlós Róbert', 'Diós tér', '29'),
(37, 'Hoffmann Bettina', 'Koch Róbert utca', '22'),
(38, 'Farkas Ildikó', 'Madarász Viktor utca', '8'),
(39, 'Gál Brigitta', 'Tulipán utca', '79'),
(40, 'Szabó Izabella Diána', 'Marosi út', '35'),
(41, 'Rácz Lili', 'Klapka György utca', '82'),
(42, 'Botos Noémi', 'Töreki uca', '47'),
(43, 'Kasznár Judit', 'Móra Ferenc utca', '45'),
(44, 'Lengyel Zsófia', 'Clark Ádám utca', '15'),
(45, 'Kerekes Lili', 'Eperfa utca', '31'),
(46, 'Kis Barbara Emma', 'Árpád utca', '22'),
(47, 'Vida Csongor', 'Márton köz', '28'),
(48, 'Nagy Eszter', 'Erkel Ferenc utca', '52'),
(49, 'Benkő Kata Enikő', 'Taksony utca', '6'),
(50, 'Urbán Roland', 'Sáros utca', '44'),
(51, 'Samu Blanka', 'Orgona utca', '52'),
(52, 'Pálinkás Anna', 'Napfény utca', '9'),
(53, 'Falch Emil', 'Építő utca', '24'),
(54, 'Teleki Kálmán', 'Árpád utca', '17'),
(55, 'Sima Dezső', 'Kunfi Zsigmond utca', '32'),
(56, 'Rudas Ádám', 'Mandulás utca', '29'),
(57, 'Forrai Laura', 'Kilit-Ságvár bringa út', '28'),
(58, 'Irinyi Katalin Ida', 'Ortutay Gyula utca', '55'),
(59, 'Hódi Vivien', 'Vitorlás utca', '5'),
(60, 'Máté Oszkár', 'Panoráma utca', '72'),
(61, 'Püski Kata', 'Lázár Vilmos utca', '74'),
(62, 'Mészáros Anita Réka', 'Orsolya utca', '28'),
(63, 'Kis Nóra Judit', 'Halápy János utca', '3'),
(64, 'Nyári Judit', 'Somfa utca', '14'),
(65, 'Balog Orsolya', 'Csordahegy köz', '33/a'),
(66, 'Zombori Adrienn', 'Turi István utca', '29'),
(67, 'Tóti Albert', 'Vasúti utca', '83'),
(68, 'Szabó Lilla', 'Vadalma utca', '12/b'),
(69, 'Petres Zoltán', 'Őrház utca', '66'),
(70, 'Barta Petra', 'Váci Mihály utca', '48'),
(71, 'Rovó Petra', 'Sáros utca', '47'),
(72, 'Bor János', 'Cseresznye utca', '44'),
(73, 'Fogó Róbert', 'Clark Ádám utca', '59'),
(74, 'Juhász Imre', 'Vas Gereben utca', '71'),
(75, 'Nagy Tímea', 'Jegenye sor', '37'),
(76, 'Tanács Lilla', 'Szépvölgyi köz', '18'),
(77, 'Kiss Sándor', 'Bél Mátyás utca', '30'),
(78, 'Kovács Vivien', 'Szeptember 6. tér', '37'),
(79, 'Kun Anna', 'Zsilip sor', '3'),
(80, 'Pályi Balázs', 'Koppány utca', '26'),
(81, 'Kristóf Petra', 'Bláthy Ottó utca', '80'),
(82, 'Gábor Zita', 'Rákóczi utca', '21'),
(83, 'Lakatos Zita Ildikó', 'Zúgó utca', '59'),
(84, 'Garadnai Zoltán', 'Jázmin utca', '22'),
(85, 'Bognár Ágnes', 'Napsugár utca', '41'),
(86, 'Dobi Brigitta Krisztina', 'Diófa utca', '7'),
(87, 'Dócz Károly', 'Fehérvári utca', '22'),
(88, 'Halász Norbert', 'Tímea utca', '35'),
(89, 'Szántó Lilla', 'Rippl Rónai utca', '43'),
(90, 'Dóka Csenge', 'Dózsa György utca', '56'),
(91, 'Juhász Cintia', 'Hétvezér utca', '8'),
(92, 'Borisz Norbert', 'Jázmin köz', '30'),
(93, 'Wollek Ottó', 'Rákóczi utca', '7'),
(94, 'Kárpáti Annamária', 'Vak Bottyán utca', '66/a'),
(95, 'Sebok Franciska', 'Fenyves tér', '47'),
(96, 'Jónás Nikolett', 'Strand utca', '25'),
(97, 'Kiss-Szabó Péter', 'Kinga utca', '10'),
(98, 'Kármán Luca', 'Sáros utca', '24'),
(99, 'Csontos Imre', 'József Attila utca', '23'),
(100, 'Kovács Lili', 'Zsolt utca', '85'),
(101, 'Bodosi Béla', 'Ortutay Gyula utca', '29'),
(102, 'Nagy Eszter', 'Cseresznye utca', '86'),
(103, 'Bálint Laura', 'Mészöly Géza utca', '30'),
(104, 'Bodrogi Gergely', 'Réka utca', '11'),
(105, 'Bata Ágnes', 'Diófa utca', '68'),
(106, 'Veres Annamária', 'Tünde utca', '53'),
(107, 'Sipos Lilla', 'Pálóczy Horváth Ádám utca', '84'),
(108, 'Oláh Sztella', 'Szigliget utca', '29'),
(109, 'Gyömbér Ágnes', 'Móra Ferenc utca', '32'),
(110, 'Juhász Viktória', 'Zsilip sor', '56'),
(111, 'Fodor Nikolett', 'Székely Bertalan utca', '19'),
(112, 'Kiss Orsolya', 'Nyáron gazos', '14'),
(113, 'Ördög Fanni Zsófia', 'Alsó utca', '7'),
(114, 'Kosztolányi András', 'Csíky Gergely utca', '12'),
(115, 'Sebők Flóra', 'Bihari utca', '78'),
(116, 'Kószó Petra', 'Orsolya utca', '5'),
(117, 'Guttmann Gábor', 'Madách Imre utca', '53'),
(118, 'Mészáros Stella', 'Rezeda utca', '68'),
(119, 'Hegedűs Réka', 'Köztársaság utca', '2'),
(120, 'Kurucz Rebeka Judit', 'Kőrösi Csoma Sándor utca', '17'),
(121, 'Béla Kitti', 'Mandulás utca', '21'),
(122, 'Kovács Győző', 'Székely Bertalan utca', '40'),
(123, 'Molnár Gergely', 'Csíky Gergely utca', '33'),
(124, 'Szabó Viktória', 'Glatz Henrik utca', '39'),
(125, 'Sós Imre', 'Sándor utca', '49'),
(126, 'Kiss Rea', 'Diós tér', '13'),
(127, 'Bíró Alexandra Éva', 'Szilágyi Erzsébet fasor', '33'),
(128, 'Terjéki Zsuzsanna Emese', 'Szőlőhegy út', '81'),
(129, 'Kipall Ede', 'Virág utca', '74'),
(130, 'Lovai László', 'Csopak utca', '34'),
(131, 'Kuti Zoltán', 'Ybl Miklós utca', '7/c'),
(132, 'Moli Hugó', 'Öreghegyi utca', '35'),
(133, 'Zombori Lili', 'Hétvezér utca', '8'),
(134, 'Tomma Árpád', 'Herman Ottó utca', '10'),
(135, 'Nagy Tímea', 'Klapka György utca', '38'),
(136, 'Hegyközi Tünde Dóra', 'Álmos utca', '35'),
(137, 'Kockás Tamás', 'Jázmin utca', '54'),
(138, 'Borbás Ferenc', 'Zöldmező utca', '18'),
(139, 'Holzi Ervin', 'Sáros utca', '12'),
(140, 'Varga Éva', 'Ybl Miklós utca', '26'),
(141, 'Tóth Zita', 'Hűvösvölgyi utca', '62'),
(142, 'Sipos Réka', 'Kökény utca', '21'),
(143, 'Csonka Zita', 'Keöd kapitány utca', '70'),
(144, 'Takács Ágota', 'Tihany utca', '71/d'),
(145, 'Marsi Nóra', 'Juhász Gyula utca', '70'),
(146, 'Bányai Balázs', 'Egressy Gábor utca', '70'),
(147, 'Varga Petra', 'Cserszegi köz', '84'),
(148, 'Bencsik Áron', 'Sáros utca', '12'),
(149, 'Farkas Lilla', 'Kandó Kálmán utca', '9'),
(150, 'Hajdú Kitti Ildikó', 'Hajnóczy József utca', '64'),
(151, 'Herédi Gabriella', 'Szeptember 6. tér', '8'),
(152, 'Bajnai Zsuzsanna', 'Liszt Ferenc utca', '5'),
(153, 'Budai Tamás', 'Budai Nagy Antal utca', '65'),
(154, 'Keresztes Zsolt', 'Álmos utca', '29'),
(155, 'Kopasz Klaudia', 'Bornemissza utca', '75'),
(156, 'Kiss Stella', 'Csorda út', '49'),
(157, 'Horváth Rita', 'Borvirág utca', '11'),
(158, 'Erdélyi Dóra', 'Péter-Pál utca', '4'),
(159, 'Mészáros Emília', 'Puskin utca', '26'),
(160, 'Pusztai Géza', 'Ybl Miklós utca', '10'),
(161, 'Mach Mózes', 'Tóth Lajos utca', '27'),
(162, 'Bertók Katalin', 'Jácint utca', '76'),
(163, 'Balog Tibor', 'Goldmark Károly utca', '40'),
(164, 'Nógrádi Alexandra', 'Mikszáth Kálmán utca', '73'),
(165, 'Varga Stella Gréta', 'Pacsirta utca', '42'),
(166, 'Herceg Natália', 'Álmos utca', '5'),
(167, 'Zerk Endre', 'Zichy Miklós utca', '19/a'),
(168, 'Benedek Anna', 'Ipar utca', '78'),
(169, 'Ladányi Renáta', 'Vasút tér', '73'),
(170, 'Makra Csenge Kata', 'Örsi utca', '3'),
(171, 'Bárány Noémi', 'Malom utca', '84'),
(172, 'Török Éva', 'Ákos utca', '19'),
(173, 'Hódi Katalin', 'Boglárka utca', '64'),
(174, 'Urbán Zsófia Katalin', 'Zamárdi utca', '76'),
(175, 'Ádám Éva', 'Bartók Béla utca', '65'),
(176, 'Németh Rebeka Anna', 'Kenesei utca', '12'),
(177, 'Bodor Flóra', 'Zsilip sor', '64'),
(178, 'Pintér Zoltán', 'Tímea utca', '51'),
(179, 'Kaltenbrunner Norbert', 'Blaha Lujza utca', '75'),
(180, 'Ébner Dezső', 'Viola utca', '21'),
(181, 'Fábián Nóra', 'Máté utca', '33'),
(182, 'Nagy Eta', 'Birs utca', '13'),
(183, 'Tárkány Csilla', 'Csokonai Vitéz Mihály utca', '58'),
(184, 'Varga Alexandra', 'Verebes dűlő', '48'),
(185, 'Varga Emese', 'Lázár Vilmos utca', '12'),
(186, 'Nagy Eszter', 'Csopaki utca', '19'),
(187, 'Tan József', 'Pusztatorony tér', '1'),
(188, 'Koródy Tamás', 'Fáy András utca', '81'),
(189, 'Püspök Anna', 'Nefelejcs köz', '55'),
(190, 'Nagy Anna Magdolna', 'Kereszt utca', '72'),
(191, 'Szűcs Fanni Lívia', 'Kossuth Lajos utca', '77'),
(192, 'Csanády Virág Sarolta', 'Lampért Géza utca', '8'),
(193, 'Török Patrícia', 'Verebesi utca', '68'),
(194, 'Molnár Dorottya', 'Emese utca', '64'),
(195, 'Csizmadia Mónika', 'Jegenye sor', '17'),
(196, 'Kereki Pál', 'Perczel Mór utca', '76/2'),
(197, 'Seprényi Adrienn', 'Béke tér', '71'),
(198, 'Török Réka Zsófia', 'Pusztatorony tér', '61'),
(199, 'Erdélyi Réka', 'Rákóczi Ferenc utca', '5'),
(200, 'Kozmann György', 'Hajnal utca', '70/3'),
(201, 'Nyári Anna', 'Berzsenyi Dániel utca', '74'),
(202, 'Takács Veronika', 'Horgony utca', '69'),
(203, 'Vajna Sára Réka', 'Soós Lajos utca', '4'),
(204, 'Földesi Kata', 'Kereszt utca', '28'),
(205, 'Lehóczki Bernadett', 'Daday Kálmán utca', '24'),
(206, 'Baranyi Noémi Lilla', 'Állomás tér', '49'),
(207, 'Horányi Lilla Krisztina', 'Kölcsey Ferenc utca', '51'),
(208, 'Nyakas Dénes', 'Árpád utca', '3'),
(209, 'Ormos Zoltán', 'Napfény utca', '6'),
(210, 'Somogyi Orsolya', 'Kerékpárút', '75'),
(211, 'Lindh Karl', 'Ágnes utca', '84'),
(212, 'Szilasi Eszter Dalma', 'Hajnóczy József utca', '39'),
(213, 'Mind Ákos', 'Mandulás utca', '63'),
(214, 'Lisztes Imre', 'Sándor utca', '45'),
(215, 'Esztergályos Gábor', 'Bimbó utca', '48'),
(216, 'Török Ildikó', 'Bocskai utca', '24'),
(217, 'Kovács Anikó', 'Say Ferenc utca', '44'),
(218, 'Kovács Imre', 'Napsugár utca', '48'),
(219, 'Sár Gábor', 'Liszt Ferenc sétány', '41'),
(220, 'Blum Ottó', 'Hajnóczy József utca', '82'),
(221, 'Tóth Zoltán', 'Küszhegyi út', '19'),
(222, 'Presszer Hugó', 'Tessedik Sámuel utca', '28'),
(223, 'Bitó Helga', 'Szépvölgyi utca', '16'),
(224, 'Bitó Réka Emese', 'Somlay Artúr utca', '1'),
(225, 'Dábity Ottó', 'Szabadság utca', '3'),
(226, 'Nik Ferenc', 'Köztársaság utca', '8'),
(227, 'Berta Alexandra', 'Füredi utca', '66/c'),
(228, 'Kincses Blanka', 'Hegyvölgyi út', '62/a'),
(229, 'Lajos Lajos', 'Tompa Mihály utca', '28'),
(230, 'Binszki Diána Erika', 'Vécsey Károly utca', '83'),
(231, 'Kiss Blanka', 'Hunor utca', '74'),
(232, 'Bog Aladár', 'Pipacs utca', '50'),
(233, 'Béres Réka Sarolt', 'Csárdaréti utca', '83'),
(234, 'Császár Mónika Krisztina', 'Szőlőhegyi utca', '4'),
(235, 'Szűcs Miklós', 'Berda József utca', '40'),
(236, 'Kószó Annamária', 'Ybl Miklós utca', '9'),
(237, 'Séra Mihály', 'Szigliget utca', '58'),
(238, 'Sági Anikó', 'Bocskai köz', '9'),
(239, 'Gyulai Zsófia Julianna', 'Hunor utca', '67'),
(240, 'Kisó Ábel', 'Csalogány utca', '49'),
(241, 'Kovács Zoltán', 'Hajnóczy József utca', '68'),
(242, 'Korsós Kálmán', 'Babits Mihály utca', '45'),
(243, 'Bedő Anna', 'Kosztolányi Dezső utca', '37'),
(244, 'Kelemen Enikő', 'Deák Ferenc tér', '3'),
(245, 'Pálfi Evelin', 'Szamóca utca', '38'),
(246, 'Csíbor Tamás', 'Tulipán utca', '5'),
(247, 'Zólyomi Kristóf', 'Csicsali utca', '66'),
(248, 'Vlad Igor', 'Csíky Gergely utca', '19'),
(249, 'Papp Vanessza', 'Őszirózsa utca', '9'),
(250, 'Nagy Réka', 'Noszlopy Gáspár utca', '2'),
(251, 'Pintér Edit', 'Semmelweis utca', '80'),
(252, 'Tihanyi Károly', 'Kisfaludy utca', '24'),
(253, 'Fazekas Zsófia Mariann', 'Jegenye sor', '63'),
(254, 'Éger Imre', 'Halápy János utca', '30'),
(255, 'Jag Antal', 'Mártírok útja', '3'),
(256, 'Barta Luca Lídia', 'Kende utca', '10'),
(257, 'Miklósi István', 'Munkácsy Mihály utca', '48'),
(258, 'Fodor Zita Orsolya', 'József Attila utca', '27'),
(259, 'Dömötör Daniella', 'Füredi utca', '8'),
(260, 'Bató Zita', 'Zsombor utca', '83'),
(261, 'Ábel Ágnes', 'Csilla utca', '52'),
(262, 'Rácz Gábor', 'Klapka György utca', '17'),
(263, 'Hegedüs Laura', 'Csicsali utca', '19'),
(264, 'Árva Veronika', 'Tünde utca', '35'),
(265, 'Pataki Zsolt', 'Helikon utca', '86'),
(266, 'Réti Flóra', 'Köztársaság utca', '57/a'),
(267, 'Kovács Pál', 'Vikár utca', '66'),
(268, 'Savanya Dorottya', 'Gergely Jenő utca', '83'),
(269, 'Kónya Tímea', 'Vitorlás utca', '56'),
(270, 'Molnár Gréta', 'Beszédes híd', '53'),
(271, 'Beke Kata', 'Thököly utca', '6'),
(272, 'Juhász Blanka Júlia', 'Csilla utca', '69'),
(273, 'Lima Id', 'Mogyoró utca', '87'),
(274, 'Szedlacsek Pál', 'Benczur Gyula utca', '74'),
(275, 'Sümegi Fanni Erika', 'Tóth Lajos utca', '76'),
(276, 'Tóth Dóra', 'Péter-Pál utca', '81'),
(277, 'Herédi Boglárka', 'Dankó utca', '52'),
(278, 'Szabó Lilla Sára', 'Petőfi sétány', '30'),
(279, 'Kónya Bettina', 'Koosárd utca', '2/a'),
(280, 'Opál Ernő', 'Napfény utca', '36'),
(281, 'Monostori Péter', 'Vas Gereben utca', '47'),
(282, 'Bild Zsolt', 'Kristály utca', '42'),
(283, 'Palotai Márk', 'Alkotmány utca', '75'),
(284, 'Engi Kis Nóra Kata', 'Darnay Kálmán tér', '52'),
(285, 'Grúber Tamás', 'Dr. Révész Géza utca', '7'),
(286, 'Karsai Péter', 'Zsombor utca', '25/3'),
(287, 'Tóth István', 'Zúgó utca', '76'),
(288, 'Olasz Sára Réka', 'Batthyány Lajos utca', '36'),
(289, 'István Luca', 'Töreki uca', '68'),
(290, 'Farkas Petra', 'Csilla utca', '24'),
(291, 'Tari Dóra', 'Szigliget utca', '7'),
(292, 'Borbás Szimonetta', 'Vámház utca', '1'),
(293, 'Mester Tekla', 'Füredi utca', '29'),
(294, 'Eisner Tamás', 'Kacsóh Pongrác utca', '76'),
(295, 'Molnár Kinga', 'Evező utca', '16'),
(296, 'Lipót Ottó', 'Vas Gereben utca', '20'),
(297, 'Juhász Zsolt', 'Viola utca', '50'),
(298, 'Lózung Rezső', 'Evező utca', '50'),
(299, 'Lévai Emese Zsuzsanna', 'Rajcsányi Péter utca', '70'),
(300, 'Kristóf Vivien', 'Kenedy Ferenc utca', '61/8'),
(301, 'Csorba Edina', 'Darnay Kálmán tér', '79'),
(302, 'Pölös Ágost', 'Marosi út', '63'),
(303, 'Farkas Kata', 'Bihari utca', '59'),
(304, 'Kovács Anita', 'Rét utca', '65'),
(305, 'Réti Andrea', 'Mező utca', '84'),
(306, 'Farkas Zsuzsanna', 'Verebes dűlő', '5'),
(307, 'Mészáros Anasztázia', 'Vadrózsa utca', '37'),
(308, 'Masa Zsófia', 'Körtefa utca', '36'),
(309, 'Jeszmás Gábor', 'Bókay János utca', '15/g'),
(310, 'Benkő Zsófia', 'Máté utca', '11'),
(311, 'Hamar Gábor', 'Fő utca', '65'),
(312, 'Kelemen Mercédesz', 'Boglárka utca', '37'),
(313, 'Borka Dóra', 'Isztria sétány', '74'),
(314, 'Pipás Gábor', 'Semmelweis utca', '56'),
(315, 'Karasi Károly', 'Korányi Sándor utca', '47'),
(316, 'Turán Levente', 'Batthyány Lajos utca', '17'),
(317, 'Nagy Mónika', 'Batthyány tér', '84'),
(318, 'Horváth Ferenc', 'Szabolcs utca', '83'),
(319, 'Mészáros Dominika Ágnes', 'Kékfrankos utca', '61'),
(320, 'Nagy Johanna Réka', 'Attila utca', '70'),
(321, 'Takács Nikolett', 'Máté utca', '60'),
(322, 'Juhász Márta', 'Szőlőhegyi utca', '20'),
(323, 'Szabó Fruzsina', 'Barbara utca', '56'),
(324, 'Tomka Lilla', 'Hermann Ottó utca', '33'),
(325, 'Szabó Viola', 'Hétvezér utca', '71'),
(326, 'Gyimesi Béla', 'Tölgyessy Artúr utca', '13/a'),
(327, 'Kincses Annabella', 'Ortutay Gyula utca', '16'),
(328, 'Szabó Géza', 'Jókai Mór utca', '6'),
(329, 'Szabó Zita', 'Darnay Kálmán tér', '14'),
(330, 'Seprenyi Csilla', 'Berda József utca', '66'),
(331, 'Sári Zita Mária', 'Málna utca', '60'),
(332, 'Nikk Gábor', 'Turi István utca', '24'),
(333, 'Nagy Emese', 'Diófás út', '70'),
(334, 'Bogdándi Réka', 'Jázmin köz', '74'),
(335, 'Csuka Dóra', 'Baross híd', '31'),
(336, 'Szolnoki István', 'Than Mór utca', '82'),
(337, 'Vass István', 'Zalán utca', '85'),
(338, 'Király Flóra', 'Bartók Béla utca', '16'),
(339, 'Gors Zsigmond', 'Toldi Miklós utca', '21'),
(340, 'Ludányi Zsuzsanna', 'Kosztolányi Dezső utca', '52'),
(341, 'Illés Renáta', 'Borvirág utca', '34'),
(342, 'Almási Krisztina', 'Barbara utca', '47'),
(343, 'Lengyel Melitta Éva', 'Fenyves tér', '76'),
(344, 'Sebestyén Mátyás', 'Papfődi utca', '37'),
(345, 'Balog Ildikó', 'Almádi utca', '6'),
(346, 'Patyi Vivien', 'Erkel Ferenc utca', '27'),
(347, 'Papp Tímea', 'Bláthy Ottó utca', '47'),
(348, 'Forgó Blanka', 'Devecseri Gábor utca', '85'),
(349, 'Kiss Evelin', 'Vajda János utca', '41'),
(350, 'Puskás Barbara', 'Zúgó utca', '86'),
(351, 'Minek Pál', 'Jankó János utca', '18'),
(352, 'Balogh Fruzsina Bernadett', 'Lidó utca', '85'),
(353, 'Koch Péter', 'Rigó utca', '70'),
(354, 'Fenyves Attila', 'Feszty Árpád utca', '48'),
(355, 'Guzmin Szabolcs', 'Fekete István utca', '19'),
(356, 'Kováts Klaudia', 'Bakony utca', '18'),
(357, 'Nádudvari Borbála', 'Városház tér', '78'),
(358, 'Mészáros Vera', 'Tompa Mihály utca', '72'),
(359, 'Almási Tímea', 'Feszty Árpád utca', '70'),
(360, 'Lajkó Aliz', 'Rákóczi utca', '3'),
(361, 'Hajhtsa Dániel', 'Bajcsy-Zsilinszky utca', '18'),
(362, 'Magyar Attila', 'Horgony utca', '23'),
(363, 'Dávid Vanessa', 'Bókay János utca', '57/c'),
(364, 'Widek Zsolt', 'Átrium utca', '1'),
(365, 'Lázár Krisztina', 'Liszt Ferenc sétány', '27'),
(366, 'Tóth Nóra', 'Állomás tér', '28'),
(367, 'Seik Áron', 'Zsilip sor', '18'),
(368, 'Orosz Pál', 'Turi István utca', '74'),
(369, 'Borbély Rebeka', 'Szeder utca', '4'),
(370, 'Varga Judit Enikő', 'Turi István utca', '75'),
(371, 'Kertész Dorottya', 'Ribiszke utca', '87'),
(372, 'Toldi Viktória Liza', 'Szilágyi Erzsébet fasor', '67'),
(373, 'Csiszár Petra', 'Strand utca', '87'),
(374, 'Tánczos Ernő', 'Vörösmarty utca', '18'),
(375, 'Gyurik Anna', 'Léda utca', '21'),
(376, 'Bóka Lili', 'Babits Mihály utca', '31'),
(377, 'Démon Endre', 'Borostyán utca', '7'),
(378, 'Szokai Tamás', 'Bél Mátyás utca', '58'),
(379, 'Debreceni Péter', 'Pusztatorony tér', '54'),
(380, 'Hódi Anett', 'Rákóczi utca', '21'),
(381, 'Juhász Flóra', 'Arany János utca', '75'),
(382, 'Lukács Ágnes', 'Bartók Béla utca', '81'),
(383, 'Kispéter Zoltán', 'Csongor utca', '19'),
(384, 'Révész Krisztina Erika', 'Rigó utca', '7'),
(385, 'Jónás Viktória', 'Emese utca', '68'),
(386, 'Veres Eszter', 'Csúszda utca', '55'),
(387, 'Urbán Dóra', 'Gyufa utca', '61'),
(388, 'Tóth András', 'Beszédes József sétány', '22');

-- 
-- Dumping data for table users
--
-- Table pizzeria.users does not contain any data (it is empty)

-- 
-- Dumping data for table rendeles
--
INSERT INTO rendeles VALUES
(1, 24, 1, 139, '0000-00-00 00:00:00'),
(2, 95, 1, 244, '0000-00-00 00:00:00'),
(3, 99, 1, 97, '0000-00-00 00:00:00'),
(4, 99, 1, 148, '0000-00-00 00:00:00'),
(5, 83, 1, 71, '0000-00-00 00:00:00'),
(6, 19, 1, 386, '0000-00-00 00:00:00'),
(7, 112, 3, 121, '0000-00-00 00:00:00'),
(8, 81, 2, 21, '0000-00-00 00:00:00'),
(9, 39, 2, 15, '0000-00-00 00:00:00'),
(10, 65, 1, 316, '0000-00-00 00:00:00'),
(11, 71, 3, 127, '0000-00-00 00:00:00'),
(12, 114, 1, 122, '0000-00-00 00:00:00'),
(13, 43, 1, 297, '0000-00-00 00:00:00'),
(14, 22, 2, 366, '0000-00-00 00:00:00'),
(15, 15, 1, 49, '0000-00-00 00:00:00'),
(16, 64, 1, 49, '0000-00-00 00:00:00'),
(17, 53, 1, 240, '0000-00-00 00:00:00'),
(18, 79, 2, 206, '0000-00-00 00:00:00'),
(19, 35, 2, 3, '0000-00-00 00:00:00'),
(20, 104, 3, 278, '0000-00-00 00:00:00'),
(21, 72, 2, 302, '0000-00-00 00:00:00'),
(22, 114, 1, 365, '0000-00-00 00:00:00'),
(23, 94, 2, 194, '0000-00-00 00:00:00'),
(24, 87, 1, 68, '0000-00-00 00:00:00'),
(25, 21, 1, 79, '0000-00-00 00:00:00'),
(26, 83, 3, 289, '0000-00-00 00:00:00'),
(27, 81, 1, 20, '0000-00-00 00:00:00'),
(28, 2, 2, 6, '0000-00-00 00:00:00'),
(29, 80, 1, 6, '0000-00-00 00:00:00'),
(30, 89, 1, 231, '0000-00-00 00:00:00'),
(31, 41, 1, 144, '0000-00-00 00:00:00'),
(32, 73, 3, 301, '0000-00-00 00:00:00'),
(33, 52, 3, 212, '0000-00-00 00:00:00'),
(34, 60, 2, 212, '0000-00-00 00:00:00'),
(35, 109, 2, 212, '0000-00-00 00:00:00'),
(36, 10, 1, 204, '0000-00-00 00:00:00'),
(37, 94, 1, 322, '0000-00-00 00:00:00'),
(38, 1, 1, 65, '0000-00-00 00:00:00'),
(39, 2, 3, 332, '0000-00-00 00:00:00'),
(40, 4, 3, 44, '0000-00-00 00:00:00'),
(41, 7, 1, 347, '0000-00-00 00:00:00'),
(42, 82, 1, 78, '0000-00-00 00:00:00'),
(43, 110, 1, 308, '0000-00-00 00:00:00'),
(44, 71, 1, 264, '0000-00-00 00:00:00'),
(45, 82, 1, 269, '0000-00-00 00:00:00'),
(46, 99, 1, 197, '0000-00-00 00:00:00'),
(47, 73, 1, 116, '0000-00-00 00:00:00'),
(48, 29, 2, 160, '0000-00-00 00:00:00'),
(49, 78, 3, 184, '0000-00-00 00:00:00'),
(50, 98, 2, 88, '0000-00-00 00:00:00'),
(51, 88, 4, 290, '0000-00-00 00:00:00'),
(52, 89, 1, 217, '0000-00-00 00:00:00'),
(53, 48, 3, 368, '0000-00-00 00:00:00'),
(54, 7, 1, 128, '0000-00-00 00:00:00'),
(55, 87, 1, 46, '0000-00-00 00:00:00'),
(56, 74, 1, 131, '0000-00-00 00:00:00'),
(57, 109, 2, 173, '0000-00-00 00:00:00'),
(58, 77, 1, 52, '0000-00-00 00:00:00'),
(59, 48, 1, 27, '0000-00-00 00:00:00'),
(60, 73, 1, 381, '0000-00-00 00:00:00'),
(61, 29, 1, 108, '0000-00-00 00:00:00'),
(62, 117, 1, 5, '0000-00-00 00:00:00'),
(63, 88, 1, 234, '0000-00-00 00:00:00'),
(64, 1, 2, 219, '0000-00-00 00:00:00'),
(65, 74, 1, 133, '0000-00-00 00:00:00'),
(66, 79, 1, 31, '0000-00-00 00:00:00'),
(67, 89, 2, 223, '0000-00-00 00:00:00'),
(68, 51, 1, 348, '0000-00-00 00:00:00'),
(69, 49, 4, 350, '0000-00-00 00:00:00'),
(70, 63, 2, 213, '0000-00-00 00:00:00'),
(71, 50, 1, 229, '0000-00-00 00:00:00'),
(72, 67, 1, 168, '0000-00-00 00:00:00'),
(73, 32, 1, 341, '0000-00-00 00:00:00'),
(74, 90, 1, 3, '0000-00-00 00:00:00'),
(75, 41, 1, 69, '0000-00-00 00:00:00'),
(76, 18, 2, 18, '0000-00-00 00:00:00'),
(77, 116, 2, 369, '0000-00-00 00:00:00'),
(78, 15, 1, 351, '0000-00-00 00:00:00'),
(79, 116, 1, 312, '0000-00-00 00:00:00'),
(80, 65, 1, 318, '0000-00-00 00:00:00'),
(81, 43, 2, 171, '0000-00-00 00:00:00'),
(82, 66, 1, 171, '0000-00-00 00:00:00'),
(83, 69, 1, 251, '0000-00-00 00:00:00'),
(84, 110, 1, 137, '0000-00-00 00:00:00'),
(85, 83, 1, 48, '0000-00-00 00:00:00'),
(86, 39, 2, 373, '0000-00-00 00:00:00'),
(87, 22, 1, 177, '0000-00-00 00:00:00'),
(88, 36, 1, 245, '0000-00-00 00:00:00'),
(89, 73, 1, 32, '0000-00-00 00:00:00'),
(90, 92, 1, 84, '0000-00-00 00:00:00'),
(91, 110, 1, 53, '0000-00-00 00:00:00'),
(92, 8, 1, 291, '0000-00-00 00:00:00'),
(93, 80, 3, 330, '0000-00-00 00:00:00'),
(94, 81, 2, 306, '0000-00-00 00:00:00'),
(95, 35, 1, 30, '0000-00-00 00:00:00'),
(96, 89, 2, 28, '0000-00-00 00:00:00'),
(97, 111, 1, 113, '0000-00-00 00:00:00'),
(98, 34, 3, 42, '0000-00-00 00:00:00'),
(99, 105, 3, 170, '0000-00-00 00:00:00'),
(100, 38, 1, 147, '0000-00-00 00:00:00'),
(101, 103, 1, 94, '0000-00-00 00:00:00'),
(102, 70, 1, 346, '0000-00-00 00:00:00'),
(103, 39, 2, 5, '0000-00-00 00:00:00'),
(104, 52, 1, 59, '0000-00-00 00:00:00'),
(105, 98, 2, 274, '0000-00-00 00:00:00'),
(106, 2, 1, 247, '0000-00-00 00:00:00'),
(107, 8, 1, 273, '0000-00-00 00:00:00'),
(108, 17, 1, 95, '0000-00-00 00:00:00'),
(109, 12, 2, 179, '0000-00-00 00:00:00'),
(110, 19, 1, 93, '0000-00-00 00:00:00'),
(111, 12, 2, 193, '0000-00-00 00:00:00'),
(112, 83, 1, 112, '0000-00-00 00:00:00'),
(113, 87, 2, 309, '0000-00-00 00:00:00'),
(114, 15, 1, 214, '0000-00-00 00:00:00'),
(115, 103, 1, 339, '0000-00-00 00:00:00'),
(116, 73, 1, 186, '0000-00-00 00:00:00'),
(117, 83, 2, 99, '0000-00-00 00:00:00'),
(118, 88, 1, 282, '0000-00-00 00:00:00'),
(119, 7, 3, 320, '0000-00-00 00:00:00'),
(120, 70, 1, 26, '0000-00-00 00:00:00'),
(121, 81, 2, 238, '0000-00-00 00:00:00'),
(122, 99, 1, 260, '0000-00-00 00:00:00'),
(123, 96, 4, 260, '0000-00-00 00:00:00'),
(124, 18, 3, 288, '0000-00-00 00:00:00'),
(125, 1, 2, 61, '0000-00-00 00:00:00'),
(126, 35, 1, 156, '0000-00-00 00:00:00'),
(127, 3, 1, 169, '0000-00-00 00:00:00'),
(128, 94, 2, 371, '0000-00-00 00:00:00'),
(129, 37, 1, 376, '0000-00-00 00:00:00'),
(130, 117, 1, 58, '0000-00-00 00:00:00'),
(131, 83, 2, 181, '0000-00-00 00:00:00'),
(132, 70, 2, 23, '0000-00-00 00:00:00'),
(133, 24, 1, 39, '0000-00-00 00:00:00'),
(134, 1, 1, 265, '0000-00-00 00:00:00'),
(135, 33, 3, 293, '0000-00-00 00:00:00'),
(136, 4, 2, 34, '0000-00-00 00:00:00'),
(137, 105, 3, 135, '0000-00-00 00:00:00'),
(138, 93, 1, 276, '0000-00-00 00:00:00'),
(139, 56, 3, 153, '0000-00-00 00:00:00'),
(140, 72, 1, 90, '0000-00-00 00:00:00'),
(141, 100, 1, 243, '0000-00-00 00:00:00'),
(142, 33, 1, 81, '0000-00-00 00:00:00'),
(143, 95, 1, 9, '0000-00-00 00:00:00'),
(144, 32, 2, 60, '0000-00-00 00:00:00'),
(145, 56, 1, 221, '0000-00-00 00:00:00'),
(146, 82, 1, 343, '0000-00-00 00:00:00'),
(147, 98, 3, 124, '0000-00-00 00:00:00'),
(148, 95, 1, 284, '0000-00-00 00:00:00'),
(149, 55, 3, 2, '0000-00-00 00:00:00'),
(150, 97, 3, 138, '0000-00-00 00:00:00'),
(151, 51, 1, 192, '0000-00-00 00:00:00'),
(152, 24, 1, 29, '0000-00-00 00:00:00'),
(153, 30, 3, 287, '0000-00-00 00:00:00'),
(154, 15, 1, 155, '0000-00-00 00:00:00'),
(155, 77, 1, 140, '0000-00-00 00:00:00'),
(156, 73, 1, 355, '0000-00-00 00:00:00'),
(157, 52, 1, 56, '0000-00-00 00:00:00'),
(158, 103, 1, 267, '0000-00-00 00:00:00'),
(159, 16, 2, 125, '0000-00-00 00:00:00'),
(160, 83, 1, 352, '0000-00-00 00:00:00'),
(161, 23, 3, 43, '0000-00-00 00:00:00'),
(162, 90, 1, 328, '0000-00-00 00:00:00'),
(163, 10, 1, 176, '0000-00-00 00:00:00'),
(164, 112, 3, 109, '0000-00-00 00:00:00'),
(165, 116, 1, 277, '0000-00-00 00:00:00'),
(166, 30, 1, 142, '0000-00-00 00:00:00'),
(167, 48, 1, 334, '0000-00-00 00:00:00'),
(168, 2, 1, 87, '0000-00-00 00:00:00'),
(169, 51, 2, 164, '0000-00-00 00:00:00'),
(170, 37, 1, 259, '0000-00-00 00:00:00'),
(171, 114, 1, 333, '0000-00-00 00:00:00'),
(172, 61, 1, 80, '0000-00-00 00:00:00'),
(173, 55, 1, 279, '0000-00-00 00:00:00'),
(174, 53, 1, 382, '0000-00-00 00:00:00'),
(175, 11, 1, 270, '0000-00-00 00:00:00'),
(176, 53, 1, 202, '0000-00-00 00:00:00'),
(177, 110, 1, 363, '0000-00-00 00:00:00'),
(178, 37, 3, 286, '0000-00-00 00:00:00'),
(179, 20, 1, 106, '0000-00-00 00:00:00'),
(180, 2, 1, 319, '0000-00-00 00:00:00'),
(181, 99, 2, 174, '0000-00-00 00:00:00'),
(182, 52, 3, 161, '0000-00-00 00:00:00'),
(183, 6, 1, 183, '0000-00-00 00:00:00'),
(184, 76, 1, 324, '0000-00-00 00:00:00'),
(185, 79, 1, 385, '0000-00-00 00:00:00'),
(186, 66, 1, 218, '0000-00-00 00:00:00'),
(187, 93, 1, 162, '0000-00-00 00:00:00'),
(188, 30, 1, 145, '0000-00-00 00:00:00'),
(189, 55, 2, 321, '0000-00-00 00:00:00'),
(190, 5, 2, 321, '0000-00-00 00:00:00'),
(191, 103, 1, 119, '0000-00-00 00:00:00'),
(192, 100, 3, 40, '0000-00-00 00:00:00'),
(193, 74, 3, 305, '0000-00-00 00:00:00'),
(194, 85, 1, 266, '0000-00-00 00:00:00'),
(195, 26, 1, 388, '0000-00-00 00:00:00'),
(196, 37, 1, 236, '0000-00-00 00:00:00'),
(197, 65, 2, 296, '0000-00-00 00:00:00'),
(198, 52, 1, 123, '0000-00-00 00:00:00'),
(199, 114, 2, 201, '0000-00-00 00:00:00'),
(200, 63, 2, 103, '0000-00-00 00:00:00'),
(201, 28, 1, 37, '0000-00-00 00:00:00'),
(202, 32, 1, 22, '0000-00-00 00:00:00'),
(203, 85, 1, 14, '0000-00-00 00:00:00'),
(204, 6, 2, 185, '0000-00-00 00:00:00'),
(205, 50, 1, 159, '0000-00-00 00:00:00'),
(206, 96, 1, 237, '0000-00-00 00:00:00'),
(207, 116, 1, 120, '0000-00-00 00:00:00'),
(208, 88, 1, 158, '0000-00-00 00:00:00'),
(209, 69, 1, 187, '0000-00-00 00:00:00'),
(210, 4, 2, 207, '0000-00-00 00:00:00'),
(211, 4, 2, 115, '0000-00-00 00:00:00'),
(212, 4, 1, 38, '0000-00-00 00:00:00'),
(213, 52, 1, 362, '0000-00-00 00:00:00'),
(214, 76, 3, 230, '0000-00-00 00:00:00'),
(215, 76, 1, 134, '0000-00-00 00:00:00'),
(216, 60, 1, 152, '0000-00-00 00:00:00'),
(217, 25, 1, 195, '0000-00-00 00:00:00'),
(218, 20, 1, 225, '0000-00-00 00:00:00'),
(219, 85, 2, 283, '0000-00-00 00:00:00'),
(220, 51, 1, 16, '0000-00-00 00:00:00'),
(221, 43, 1, 189, '0000-00-00 00:00:00'),
(222, 64, 1, 25, '0000-00-00 00:00:00'),
(223, 110, 1, 285, '0000-00-00 00:00:00'),
(224, 87, 1, 191, '0000-00-00 00:00:00'),
(225, 82, 3, 379, '0000-00-00 00:00:00'),
(226, 52, 1, 248, '0000-00-00 00:00:00'),
(227, 26, 1, 126, '0000-00-00 00:00:00'),
(228, 68, 2, 48, '0000-00-00 00:00:00'),
(229, 18, 1, 102, '0000-00-00 00:00:00'),
(230, 109, 1, 186, '0000-00-00 00:00:00'),
(231, 67, 1, 112, '0000-00-00 00:00:00'),
(232, 103, 3, 19, '0000-00-00 00:00:00'),
(233, 42, 1, 360, '0000-00-00 00:00:00'),
(234, 40, 1, 72, '0000-00-00 00:00:00'),
(235, 87, 1, 298, '0000-00-00 00:00:00'),
(236, 115, 1, 104, '0000-00-00 00:00:00'),
(237, 61, 1, 190, '0000-00-00 00:00:00'),
(238, 88, 1, 107, '0000-00-00 00:00:00'),
(239, 2, 2, 377, '0000-00-00 00:00:00'),
(240, 70, 1, 146, '0000-00-00 00:00:00'),
(241, 105, 1, 319, '0000-00-00 00:00:00'),
(242, 65, 1, 359, '0000-00-00 00:00:00'),
(243, 18, 1, 6, '0000-00-00 00:00:00'),
(244, 85, 1, 210, '0000-00-00 00:00:00'),
(245, 85, 3, 150, '0000-00-00 00:00:00'),
(246, 37, 3, 167, '0000-00-00 00:00:00'),
(247, 31, 1, 314, '0000-00-00 00:00:00'),
(248, 73, 1, 255, '0000-00-00 00:00:00'),
(249, 18, 1, 380, '0000-00-00 00:00:00'),
(250, 56, 1, 252, '0000-00-00 00:00:00'),
(251, 25, 1, 54, '0000-00-00 00:00:00'),
(252, 13, 1, 75, '0000-00-00 00:00:00'),
(253, 104, 1, 317, '0000-00-00 00:00:00'),
(254, 110, 1, 111, '0000-00-00 00:00:00'),
(255, 45, 1, 70, '0000-00-00 00:00:00'),
(256, 45, 1, 102, '0000-00-00 00:00:00'),
(257, 101, 1, 321, '0000-00-00 00:00:00'),
(258, 62, 1, 50, '0000-00-00 00:00:00'),
(259, 40, 1, 117, '0000-00-00 00:00:00'),
(260, 64, 1, 96, '0000-00-00 00:00:00'),
(261, 95, 2, 387, '0000-00-00 00:00:00'),
(262, 41, 1, 367, '0000-00-00 00:00:00'),
(263, 29, 1, 114, '0000-00-00 00:00:00'),
(264, 105, 2, 302, '0000-00-00 00:00:00'),
(265, 62, 1, 172, '0000-00-00 00:00:00'),
(266, 58, 2, 66, '0000-00-00 00:00:00'),
(267, 111, 1, 315, '0000-00-00 00:00:00'),
(268, 112, 1, 325, '0000-00-00 00:00:00'),
(269, 7, 1, 44, '0000-00-00 00:00:00'),
(270, 93, 3, 105, '0000-00-00 00:00:00'),
(271, 60, 1, 257, '0000-00-00 00:00:00'),
(272, 105, 1, 228, '0000-00-00 00:00:00'),
(273, 8, 1, 86, '0000-00-00 00:00:00'),
(274, 62, 1, 136, '0000-00-00 00:00:00'),
(275, 26, 1, 198, '0000-00-00 00:00:00'),
(276, 53, 3, 24, '0000-00-00 00:00:00'),
(277, 34, 1, 92, '0000-00-00 00:00:00'),
(278, 65, 1, 100, '0000-00-00 00:00:00'),
(279, 67, 1, 378, '0000-00-00 00:00:00'),
(280, 104, 1, 292, '0000-00-00 00:00:00'),
(281, 28, 1, 12, '0000-00-00 00:00:00'),
(282, 42, 2, 232, '0000-00-00 00:00:00'),
(283, 101, 1, 361, '0000-00-00 00:00:00'),
(284, 21, 1, 263, '0000-00-00 00:00:00'),
(285, 74, 1, 344, '0000-00-00 00:00:00'),
(286, 28, 1, 336, '0000-00-00 00:00:00'),
(287, 104, 2, 340, '0000-00-00 00:00:00'),
(288, 19, 1, 76, '0000-00-00 00:00:00'),
(289, 5, 3, 149, '0000-00-00 00:00:00'),
(290, 42, 1, 175, '0000-00-00 00:00:00'),
(291, 74, 1, 239, '0000-00-00 00:00:00'),
(292, 64, 1, 118, '0000-00-00 00:00:00'),
(293, 15, 1, 323, '0000-00-00 00:00:00'),
(294, 12, 3, 337, '0000-00-00 00:00:00'),
(295, 43, 1, 358, '0000-00-00 00:00:00'),
(296, 101, 3, 165, '0000-00-00 00:00:00'),
(297, 116, 1, 91, '0000-00-00 00:00:00'),
(298, 82, 1, 375, '0000-00-00 00:00:00'),
(299, 61, 1, 256, '0000-00-00 00:00:00'),
(300, 39, 3, 64, '0000-00-00 00:00:00'),
(301, 102, 1, 6, '0000-00-00 00:00:00'),
(302, 19, 1, 47, '0000-00-00 00:00:00'),
(303, 25, 1, 280, '0000-00-00 00:00:00'),
(304, 101, 1, 82, '0000-00-00 00:00:00'),
(305, 58, 1, 235, '0000-00-00 00:00:00'),
(306, 38, 3, 222, '0000-00-00 00:00:00'),
(307, 101, 2, 301, '0000-00-00 00:00:00'),
(308, 14, 1, 157, '0000-00-00 00:00:00'),
(309, 28, 2, 215, '0000-00-00 00:00:00'),
(310, 4, 1, 89, '0000-00-00 00:00:00'),
(311, 82, 1, 246, '0000-00-00 00:00:00'),
(312, 110, 1, 258, '0000-00-00 00:00:00'),
(313, 77, 1, 311, '0000-00-00 00:00:00'),
(314, 68, 1, 180, '0000-00-00 00:00:00'),
(315, 115, 1, 372, '0000-00-00 00:00:00'),
(316, 59, 1, 310, '0000-00-00 00:00:00'),
(317, 61, 1, 384, '0000-00-00 00:00:00'),
(318, 101, 1, 216, '0000-00-00 00:00:00'),
(319, 40, 1, 8, '0000-00-00 00:00:00'),
(320, 77, 3, 98, '0000-00-00 00:00:00'),
(321, 37, 1, 188, '0000-00-00 00:00:00'),
(322, 20, 1, 322, '0000-00-00 00:00:00'),
(323, 46, 1, 254, '0000-00-00 00:00:00'),
(324, 64, 1, 307, '0000-00-00 00:00:00'),
(325, 36, 1, 57, '0000-00-00 00:00:00'),
(326, 101, 1, 345, '0000-00-00 00:00:00'),
(327, 61, 1, 51, '0000-00-00 00:00:00'),
(328, 34, 1, 323, '0000-00-00 00:00:00'),
(329, 95, 3, 253, '0000-00-00 00:00:00'),
(330, 89, 1, 335, '0000-00-00 00:00:00'),
(331, 87, 2, 141, '0000-00-00 00:00:00'),
(332, 12, 2, 268, '0000-00-00 00:00:00'),
(333, 21, 1, 271, '0000-00-00 00:00:00'),
(334, 42, 1, 83, '0000-00-00 00:00:00'),
(335, 37, 2, 130, '0000-00-00 00:00:00'),
(336, 83, 2, 17, '0000-00-00 00:00:00'),
(337, 65, 1, 33, '0000-00-00 00:00:00'),
(338, 55, 1, 151, '0000-00-00 00:00:00'),
(339, 87, 2, 303, '0000-00-00 00:00:00'),
(340, 67, 1, 318, '0000-00-00 00:00:00'),
(341, 64, 2, 41, '0000-00-00 00:00:00'),
(342, 109, 1, 300, '0000-00-00 00:00:00'),
(343, 80, 2, 383, '0000-00-00 00:00:00'),
(344, 16, 2, 199, '0000-00-00 00:00:00'),
(345, 60, 2, 331, '0000-00-00 00:00:00'),
(346, 11, 1, 208, '0000-00-00 00:00:00'),
(347, 52, 3, 364, '0000-00-00 00:00:00'),
(348, 16, 1, 326, '0000-00-00 00:00:00'),
(349, 110, 1, 294, '0000-00-00 00:00:00'),
(350, 5, 1, 85, '0000-00-00 00:00:00'),
(351, 7, 1, 313, '0000-00-00 00:00:00'),
(352, 93, 1, 132, '0000-00-00 00:00:00'),
(353, 50, 3, 67, '0000-00-00 00:00:00'),
(354, 68, 1, 209, '0000-00-00 00:00:00'),
(355, 3, 1, 154, '0000-00-00 00:00:00'),
(356, 50, 3, 241, '0000-00-00 00:00:00'),
(357, 102, 1, 55, '0000-00-00 00:00:00'),
(358, 116, 1, 200, '0000-00-00 00:00:00'),
(359, 70, 1, 62, '0000-00-00 00:00:00'),
(360, 10, 1, 338, '0000-00-00 00:00:00'),
(361, 35, 2, 1, '0000-00-00 00:00:00'),
(362, 60, 1, 275, '0000-00-00 00:00:00'),
(363, 115, 1, 166, '0000-00-00 00:00:00'),
(364, 7, 1, 357, '0000-00-00 00:00:00'),
(365, 40, 1, 129, '0000-00-00 00:00:00'),
(366, 98, 1, 233, '0000-00-00 00:00:00'),
(367, 40, 2, 272, '0000-00-00 00:00:00'),
(368, 28, 1, 182, '0000-00-00 00:00:00'),
(369, 2, 1, 353, '0000-00-00 00:00:00'),
(370, 111, 2, 196, '0000-00-00 00:00:00'),
(371, 2, 1, 220, '0000-00-00 00:00:00'),
(372, 82, 1, 205, '0000-00-00 00:00:00'),
(373, 11, 3, 303, '0000-00-00 00:00:00'),
(374, 11, 1, 4, '0000-00-00 00:00:00'),
(375, 53, 1, 101, '0000-00-00 00:00:00'),
(376, 19, 1, 349, '0000-00-00 00:00:00'),
(377, 97, 1, 374, '0000-00-00 00:00:00'),
(378, 9, 1, 342, '0000-00-00 00:00:00'),
(379, 2, 1, 227, '0000-00-00 00:00:00'),
(380, 59, 1, 45, '0000-00-00 00:00:00'),
(381, 6, 1, 249, '0000-00-00 00:00:00'),
(382, 57, 1, 327, '0000-00-00 00:00:00'),
(383, 87, 3, 262, '0000-00-00 00:00:00'),
(384, 38, 3, 356, '0000-00-00 00:00:00'),
(385, 36, 2, 7, '0000-00-00 00:00:00'),
(386, 104, 3, 63, '0000-00-00 00:00:00'),
(387, 23, 1, 226, '0000-00-00 00:00:00'),
(388, 39, 2, 261, '0000-00-00 00:00:00'),
(389, 24, 1, 36, '0000-00-00 00:00:00'),
(390, 68, 1, 110, '0000-00-00 00:00:00'),
(391, 36, 2, 242, '0000-00-00 00:00:00'),
(392, 96, 1, 203, '0000-00-00 00:00:00'),
(393, 94, 2, 329, '0000-00-00 00:00:00'),
(394, 8, 1, 224, '0000-00-00 00:00:00'),
(395, 66, 1, 11, '0000-00-00 00:00:00'),
(396, 3, 1, 11, '0000-00-00 00:00:00'),
(397, 112, 1, 143, '0000-00-00 00:00:00'),
(398, 1, 2, 4, '0000-00-00 00:00:00'),
(399, 64, 1, 320, '0000-00-00 00:00:00'),
(400, 97, 3, 211, '0000-00-00 00:00:00'),
(401, 80, 1, 74, '0000-00-00 00:00:00'),
(402, 66, 1, 281, '0000-00-00 00:00:00'),
(403, 37, 1, 178, '0000-00-00 00:00:00'),
(404, 79, 1, 10, '0000-00-00 00:00:00'),
(405, 41, 2, 10, '0000-00-00 00:00:00'),
(406, 66, 1, 13, '0000-00-00 00:00:00'),
(407, 37, 2, 354, '0000-00-00 00:00:00'),
(408, 73, 1, 370, '0000-00-00 00:00:00'),
(409, 93, 1, 35, '0000-00-00 00:00:00'),
(410, 24, 1, 295, '0000-00-00 00:00:00'),
(411, 22, 1, 304, '0000-00-00 00:00:00'),
(412, 16, 1, 250, '0000-00-00 00:00:00'),
(413, 35, 1, 163, '0000-00-00 00:00:00'),
(414, 4, 3, 299, '0000-00-00 00:00:00');

-- 
-- Restore previous SQL mode
-- 
/*!40101 SET SQL_MODE=@OLD_SQL_MODE */;

-- 
-- Enable foreign keys
-- 
/*!40014 SET FOREIGN_KEY_CHECKS=@OLD_FOREIGN_KEY_CHECKS */;